{
	"info": {
		"_postman_id": "ce57171b-e720-4df4-acaa-6e8279c7dfad",
		"name": "BezosProject_PostmanScripts",
		"schema": "https://schema.getpostman.com/json/collection/v2.1.0/collection.json",
		"_exporter_id": "30703258"
	},
	"item": [
		{
			"name": "Adding auction item to store",
			"request": {
				"method": "POST",
				"header": [],
				"body": {
					"mode": "raw",
					"raw": "{\"name\":\"Game Console\", \"price\":22.30, \"type\":\"Dutch\", \"date\": \"2021-12-11T12:20\", \"shipping\": 23, \"description\":\"Item description\"}",
					"options": {
						"raw": {
							"language": "json"
						}
					}
				},
				"url": {
					"raw": "http://localhost:8080/Bezos/api/search",
					"protocol": "http",
					"host": [
						"localhost"
					],
					"port": "8080",
					"path": [
						"Bezos",
						"api",
						"search"
					]
				}
			},
			"response": []
		},
		{
			"name": "Searching auction item by id",
			"protocolProfileBehavior": {
				"disableBodyPruning": true
			},
			"request": {
				"method": "GET",
				"header": [],
				"body": {
					"mode": "raw",
					"raw": "1",
					"options": {
						"raw": {
							"language": "text"
						}
					}
				},
				"url": {
					"raw": "http://localhost:8080/Bezos/api/search",
					"protocol": "http",
					"host": [
						"localhost"
					],
					"port": "8080",
					"path": [
						"Bezos",
						"api",
						"search"
					]
				}
			},
			"response": []
		},
		{
			"name": "Selecting Auction Item",
			"request": {
				"method": "GET",
				"header": [],
				"url": {
					"raw": "http://localhost:8080/Bezos/item.html?itemName=Item%203&currentPrice=22.3&auctionType=Dutch&remainingTime=2021-12-11%2007%3A20%3A00.0&description=Item%20description&shipping=23.0",
					"protocol": "http",
					"host": [
						"localhost"
					],
					"port": "8080",
					"path": [
						"Bezos",
						"item.html"
					],
					"query": [
						{
							"key": "itemName",
							"value": "Item%203"
						},
						{
							"key": "currentPrice",
							"value": "22.3"
						},
						{
							"key": "auctionType",
							"value": "Dutch"
						},
						{
							"key": "remainingTime",
							"value": "2021-12-11%2007%3A20%3A00.0"
						},
						{
							"key": "description",
							"value": "Item%20description"
						},
						{
							"key": "shipping",
							"value": "23.0"
						}
					]
				}
			},
			"response": []
		}
	]
}